radius_mm,hoop_stress_MPa,radial_stress_MPa
100.0,-100.0,166.66666666666669
101.01010101010102,-97.34666666666666,164.01333333333335
102.02020202020202,-94.7717544031631,161.4384210698298
103.03030303030305,-92.27220299884661,158.93886966551327
104.04040404040404,-89.84510007226572,156.51176673893238
105.05050505050507,-87.48767258382645,154.1543392504931
106.06060606060606,-85.19727891156464,151.86394557823132
107.07070707070709,-82.97140144772754,149.63806811439423
108.08080808080808,-80.80763967740998,147.47430634407667
109.0909090909091,-78.70370370370372,145.37037037037038
110.1010101010101,-76.65740818674075,143.32407485340744
111.11111111111111,-74.66666666666669,141.33333333333334
112.12121212121212,-72.72948624299977,139.39615290966645
113.13131313131314,-70.84396258503403,137.5106292517007
114.14141414141416,-69.00827524995432,135.67494191662098
115.15151515151516,-67.22068328716529,133.88734995383197
116.16161616161617,-65.47952110901073,132.14618777567742
117.17171717171718,-63.78319460959177,130.44986127625845
118.18181818181819,-62.1301775147929,128.79684418145956
119.1919191919192,-60.5190079479077,127.18567461457437
120.2020202020202,-58.948285196431534,125.61495186309821
121.21212121212122,-57.41666666666668,124.08333333333334
122.22222222222223,-55.92286501377411,122.58953168044079
123.23232323232324,-54.46564543581476,121.13231210248142
124.24242424242425,-53.04382312115805,119.71048978782471
125.25252525252526,-51.65626083940342,118.3229275060701
126.26262626262627,-50.301866666666676,116.96853333333334
127.27272727272728,-48.979591836734706,115.64625850340138
128.28282828282826,-47.688428710190784,114.35509537685746
129.2929292929293,-46.42740885416669,113.09407552083337
130.3030303030303,-45.19560122588789,111.86226789255457
131.31313131313132,-43.99211045364891,110.65877712031559
132.32323232323233,-42.816075209292386,109.48274187595905
133.33333333333334,-41.66666666666668,108.33333333333334
134.34343434343435,-40.54308704091056,107.20975370757722
135.35353535353536,-39.444568203757335,106.111234870424
136.36363636363635,-38.3703703703704,105.03703703703707
137.37373737373736,-37.31978085351789,103.98644752018456
138.3838383838384,-36.292112881169324,102.958779547836
139.3939393939394,-35.286704473850044,101.95337114051671
140.40404040404042,-34.30291737832756,100.96958404499424
141.41414141414143,-33.340136054421755,100.00680272108843
142.42424242424244,-32.397766711936036,99.0644333786027
143.43434343434345,-31.475236394895212,98.14190306156189
144.44444444444446,-30.571992110453657,97.23865877712032
145.45454545454544,-29.68750000000002,96.35416666666669
146.46464646464648,-28.821244550138744,95.48791121680541
147.4747474747475,-27.972727841371118,94.63939450803778
148.4848484848485,-27.141468832430938,93.8081354990976
149.4949494949495,-26.327002678354027,92.99366934502069
150.5050505050505,-25.528880080476867,92.19554674714354
151.51515151515153,-24.746666666666677,91.41333333333336
152.52525252525254,-23.979942400187134,90.64660906685381
153.53535353535352,-23.228301015697163,89.89496768236384
154.54545454545453,-22.49134948096888,89.15801614763555
155.55555555555557,-21.768707482993207,88.43537414965988
156.56565656565658,-21.060006937218184,87.72667360388485
157.5757575757576,-20.36489151873767,87.03155818540435
158.5858585858586,-19.683016214315657,86.34968288098233
159.59595959595958,-19.014046894194323,85.680713560861
160.60606060606062,-18.357659902693733,85.0243265693604
161.61616161616163,-17.71354166666667,84.38020833333334
162.62626262626262,-17.08138832092385,83.74805498759052
163.63636363636363,-16.460905349794245,83.12757201646092
164.64646464646466,-15.85180724403127,82.51847391069794
165.65656565656568,-15.253817172318072,81.92048383898475
166.66666666666669,-14.666666666666671,81.33333333333334
167.6767676767677,-14.090095321043208,80.75676198770988
168.68686868686868,-13.52385050258765,80.19051716925432
169.69696969696972,-12.96768707482994,79.63435374149661
170.7070707070707,-12.421367132336655,79.08803379900333
171.7171717171717,-11.884659746251458,78.55132641291813
172.72727272727272,-11.357340720221615,78.02400738688829
173.73737373737376,-10.839192356228594,77.50585902289527
174.74747474747477,-10.330003229866243,76.99666989653292
175.75757575757578,-9.82956797463337,76.49623464130005
176.76767676767676,-9.337687074829944,76.00435374149662
177.77777777777777,-8.854166666666679,75.52083333333334
178.78787878787878,-8.37881834721825,75.04548501388493
179.7979797979798,-7.911458990868169,74.57812565753484
180.8080808080808,-7.4519105729118,74.11857723957847
181.8181818181818,-7.000000000000007,73.66666666666669
182.82828282828285,-6.555558947122094,73.22222561378877
183.83838383838386,-6.118423700841284,72.78509036750796
184.84848484848487,-5.688435008510254,72.35510167517693
185.85858585858585,-5.265437933207309,71.93210459987398
186.86868686868686,-4.849281714146585,71.51594838081326
187.87878787878788,-4.439819632327449,71.10648629899413
188.88888888888889,-4.036908881199551,70.70357554786622
189.8989898989899,-3.640410442130687,70.30707710879736
190.9090909090909,-3.250188964474688,69.91685563114136
191.91919191919195,-2.866112650046169,69.53277931671283
192.92929292929296,-2.4880531418181135,69.15471980848478
193.93939393939394,-2.1158854166666714,68.78255208333334
194.94949494949495,-1.7494876819959444,68.41615434866262
195.95959595959596,-1.388741276083195,68.05540794274987
196.96969696969697,-1.0335305719921166,67.70019723865879
197.97979797979798,-0.6837428849090728,67.35040955157575
198.989898989899,-0.33926838276345705,67.00593504943012
200.0,0.0,66.66666666666667
